CHROM	POS	REF	ALT	QUAL	FILTER	INFO	HG00514_GT	HG00512_GT	HG00513_GT	SVTYPE	END	SVLEN	POS_INT	END_INT	SVLEN_INT	SVLEN_BP	SIZE_PRIORITY	INHERITANCE	ROW_ID	GENE_LIST	GENE_OVERLAP_COUNT	EXON_OVERLAP_COUNT	CLINGEN_HI_OVERLAP_COUNT	CLINGEN_TS_OVERLAP_COUNT	CLINGEN_REC_CNV_OVERLAP_COUNT	CLINVAR_OVERLAP_COUNT	PATHOGENICITY_TIER
chrX	77865888	N	<DEL>	.	PASS	PRECISE;SVTYPE=DEL;SVMETHOD=EMBL.DELLYv0.7.5;CHR2=chrX;END=77868370;PE=48;MAPQ=60;CT=3to5;CIPOS=-33,33;CIEND=-33,33;INSLEN=0;HOMLEN=38;SR=10;SRQ=1;CONSENSUS=TGTTGTAACCCAACAATCAACAGTGCTGACATACGAGAGTGCATCAGGCCAGGCGTGGTGTCTCACGCCTGTAATCCCAGCACTTTGGGAGGCTGAGGTGGGTGGATCATCTGAGGTCAGGAGTTTGAGACCAGCCTGGCCAATACGGTG;CE=1.98495;AFmle=0.388889;ACmle=7;GFmle=0.444444,0.333334,0.222222;FIC=0.298699;RSQ=1.46103;HWEpval=0.370309;SCORE=0.935	0/1	1/1	0/0	DEL	77868370		77865888	77868370		2482	low	inherited_p1	16904	MAGT1	1	1	1	1	0	0	Tier1_HI_del
chr8	143551894	N	<DEL>	.	PASS	PRECISE;SVTYPE=DEL;SVMETHOD=EMBL.DELLYv0.7.5;CHR2=chr8;END=143554070;PE=44;MAPQ=60;CT=3to5;CIPOS=-4,4;CIEND=-4,4;INSLEN=0;HOMLEN=3;SR=10;SRQ=0.993548;CONSENSUS=TGGGCTGGGGACCTTGGGAGAAAGTATATTTTTATTTTAGAGATGGATTCTTGCTCTGTCACCCAGGCTGGAGTGCAGTGTACAGGGCTTTCCAGGAATTTTGCTGCAAAAGAAAGGAGAAAAGCGGGAGGAGGGGAGGAGGGAGGAGGCCCAGA;CE=1.92279;AFmle=0.111111;ACmle=2;GFmle=0.777778,0.222222,0;FIC=-0.125;RSQ=0.984375;HWEpval=0.616614;SCORE=0.965	0/1	0/1	0/0	DEL	143554070		143551894	143554070		2176	low	inherited_p1	9170	ENSG00000254859,GSDMD	2	30	1	1	0	0	Tier1_HI_del
chr11	10271181	N	<DEL>	.	PASS	PRECISE;SVTYPE=DEL;SVMETHOD=EMBL.DELLYv0.7.5;CHR2=chr11;END=10272288;PE=41;MAPQ=60;CT=3to5;CIPOS=-19,19;CIEND=-19,19;INSLEN=0;HOMLEN=19;SR=10;SRQ=1;CONSENSUS=CCACTTCTTACCCACTGGAGTGGTTATGATCAAAAAGACAGAATAACAAGGGAGTAGCAATTGCAAAACCAAGGACAGCAATCTTGATTCTTTAGGAGAATGACAAGTCGTTCACTGTAACTAAGGCTTACTTACTTGCTAGTTACCAGTTACTCACACAATTTCC;CE=1.96088;AFmle=0.388889;ACmle=7;GFmle=0.333333,0.555556,0.111111;FIC=-0.168831;RSQ=0.935065;HWEpval=0.609103;SCORE=0.944	0/1	0/1	0/0	DEL	10272288		10271181	10272288		1107	low	inherited_p1	10806	ENSG00000254719,SBF2	2	1	1	0	0	0	Tier1_HI_del
chr18	47853242	ATGGCCGTAGTATACCCCTGGTCGTGTAGCAGTGAAAGTGGTTTGGTTTAGACGTCCGGGAATTGCATCTGTTTTTAAGCCTAATGTGGGGACAGCTCATGAGTGTAAGACGTCTTGTGATGTAATTATTATACGAATGGGGGCTTCAACCGGGAGTACTACTCGATTGTCAAAGTCAAGGAGTCGCAGGTCGCC	A	.	PASS	PRECISE;SVTYPE=DEL;SVMETHOD=EMBL.DELLYv0.7.5;CHR2=chr18;END=47853437;PE=0;MAPQ=48;CT=3to5;CIPOS=-4,4;CIEND=-4,4;INSLEN=0;HOMLEN=3;SR=10;SRQ=1;CONSENSUS=CAAAACTTAGTCGGGCATGGTGGCATACACCTGTAATCCCAGCTACTCGGAAGGCTAAGGCAGAAGAATCGCTTGAATCCAGGAGGCGGAGGTTGCAGTGAGCTGAGGGCATCCCACTGCACTCCAGCCTGGGCG;CE=1.973;AFmle=0.722222;ACmle=13;GFmle=0.111111,0.333333,0.555556;FIC=0.169231;RSQ=1.31538;HWEpval=0.618878;SCORE=0.969	1/1	1/1	1/1	DEL	47853437		47853242	47853437		195	low	inherited_both	15174	MTCO2P2,SMAD2	2	1	1	1	0	0	Tier1_HI_del
chr8	18067106	TGTGCTGTATATCTAAGACATACAGCACC	T	.	PASS	PRECISE;SVTYPE=DEL;SVMETHOD=EMBL.DELLYv0.7.5;CHR2=chr8;END=18067135;PE=0;MAPQ=60;CT=3to5;CIPOS=-9,9;CIEND=-9,9;INSLEN=0;HOMLEN=12;SR=10;SRQ=0.99005;CONSENSUS=CGTGGAGTGCTGGGCTCTTCCGTATCTTGATCTGAGTCATGGCTACATGCATGCATGCATTTCTGAAGCTTCACTGAGCTGTATATCTAAGACCTGTGCACTTTGCTGTATGTATATCACACCTCAATGGAAACTTGTAAAAGAATTTAATTACTTTTTTTTTTAAAGCTTCTAAGTGAACTTTACCTAAAGGTATATC;CE=1.94402;AFmle=0.166667;ACmle=3;GFmle=0.666667,0.333333,0;FIC=-0.2;RSQ=0.9;HWEpval=0.437031;SCORE=0.788	0/1	0/1	0/1	DEL	18067135		18067106	18067135		29	low	inherited_both	8453	ASAH1	1	12	1	1	0	0	Tier1_HI_del
chr20	13817802	CACAGTCATCAGTTTATTGTTAA	C	.	PASS	PRECISE;SVTYPE=DEL;SVMETHOD=EMBL.DELLYv0.7.5;CHR2=chr20;END=13817825;PE=0;MAPQ=60;CT=3to5;CIPOS=-2,2;CIEND=-2,2;INSLEN=0;HOMLEN=1;SR=10;SRQ=1;CONSENSUS=TCCATGGTGTGGGTGGGACCACCATGGTTTTACACCCCACCCTACCTTAGGGAAGAAGAAAACATTTTAAAGAATACCAGAAGTAGAATCACATGTAACAGTCTCTGCGCTTTCCTTTGTAATTTCAGGGCTTAAGCACTATTATCCTAATCCAAGTTCACAGTCCTGTTGTTGTCGAGGAGGGTTCAAAATCATTTGGAGATAATCAAGCTCAG;CE=1.98279;AFmle=0.333333;ACmle=6;GFmle=0.333333,0.666667,0;FIC=-0.5;RSQ=0.5625;HWEpval=0.0764178;SCORE=0.746	0/1	0/1	0/1	DEL	13817825		13817802	13817825		23	low	inherited_both	15858	NDUFAF5	1	2	1	1	0	0	Tier1_HI_del
chr9	2191856	TTTTAAGTACCTAGGGGTG	T	.	PASS	PRECISE;SVTYPE=DEL;SVMETHOD=EMBL.DELLYv0.7.5;CHR2=chr9;END=2191875;PE=0;MAPQ=60;CT=3to5;CIPOS=-4,4;CIEND=-4,4;INSLEN=0;HOMLEN=4;SR=10;SRQ=1;CONSENSUS=TGGTACATAACAGTAGATTAGATGGAAGAATGAGAAAAACTGTTATGACGTCAGAGTTATTGGCTCGAGTTGCTACTTAAGGGACCATGTAAAAACTCAAAGGACTTTTATTTTTCATATTTGAAAAATTCAGTGAGCATCTATTGAGCCAGGCCTTGTAATAGGTACCTCCCTGTGTGGTAGCATATTAAATACTGATGTCGGCATCGTGAGATAGATGT;CE=1.94043;AFmle=0.333333;ACmle=6;GFmle=0.555556,0.222222,0.222222;FIC=0.5;RSQ=1.6875;HWEpval=0.135228;SCORE=0.532	1/1	0/1	1/1	DEL	2191875		2191856	2191875		19	low	inherited_both	9198	ENSG00000306181,SMARCA2	2	1	1	1	0	0	Tier1_HI_del
chr17	36088877	N	<DEL>	.	PASS	PRECISE;SVTYPE=DEL;SVMETHOD=EMBL.DELLYv0.7.5;CHR2=chr17;END=36195492;PE=4;MAPQ=30;CT=3to5;CIPOS=-49,49;CIEND=-49,49;INSLEN=0;HOMLEN=57;SR=9;SRQ=1;CONSENSUS=GAATCCTGGGCCCACCATGGCCCCACCATTCTGCTCTCTGTCCTGGGCAGCTCAGGGCTTGCTCCTCTTTCAGGGGCCCCCTGCCTATCTCCGTCTAGAGAGCTTCTCTCAGTGACTCCAGGCAAGGGGGCCCTCA;CE=1.91851;AFmle=0.222945;ACmle=4;GFmle=0.55346,0.44654,1.26117e-43;FIC=-0.286911;RSQ=0.796925;HWEpval=0.279485;SCORE=0.802	0/1	./.	0/1	DEL	36195492		36088877	36195492		106615	high	inherited_p2	14623	CCL3,CCL3-AS1,CCL3L3,CCL4,ENSG00000274767,ENSG00000276241,ENSG00000282738,ENSG00000289485,ENSG00000306500,ENSG00000306545,RN7SL301P,TBC1D3B	12	165	0	0	1	0	Tier1_recurrent_CNV
chr22	23931955	N	<DEL>	.	PASS	PRECISE;SVTYPE=DEL;SVMETHOD=EMBL.DELLYv0.7.5;CHR2=chr22;END=23969109;PE=49;MAPQ=60;CT=3to5;CIPOS=-4,4;CIEND=-4,4;INSLEN=0;HOMLEN=4;SR=10;SRQ=1;CONSENSUS=GGAGGGGGGAGAAAGGGCTTACTGAATGTCTAAAAAAACAAGTTTAAAGTGTTTGTTACCCAAAGTTTGGTGCACTCTCCCTTTGCTCAGACAAGACATGCTATCCCCATGAGGTAGATAATCTCCATTATGCCAATTTTA;CE=1.97524;AFmle=0.611111;ACmle=11;GFmle=0.111111,0.555556,0.333333;FIC=-0.168831;RSQ=0.935065;HWEpval=0.609103;SCORE=0.982	1/1	1/1	0/1	DEL	23969109		23931955	23969109		37154	moderate	inherited_both	16448	DDTL,ENSG00000206090,ENSG00000228039,ENSG00000231271,ENSG00000290199,ENSG00000298703,ENSG00000298765,ENSG00000298810,GSTT2B	9	56	0	0	2	0	Tier1_recurrent_CNV
chr17	36446544	N	<DEL>	.	PASS	PRECISE;SVTYPE=DEL;SVMETHOD=EMBL.DELLYv0.7.5;CHR2=chr17;END=36459257;PE=7;MAPQ=39;CT=3to5;CIPOS=-3,3;CIEND=-3,3;INSLEN=0;HOMLEN=2;SR=10;SRQ=0.993151;CONSENSUS=CCCGTCTCTACTAAAAATACAAAAGTTAGCCGGGTGTGGTGGCAACGTGCCTGCAATCCCAGCTACTCGGGGAGCACTGAACCCAAATCTGGCATTATCTGGTCTACAAATACCCTCCCTCTCACTGCCCTGCCACCCCAGGTCT;CE=1.96938;AFmle=0.388889;ACmle=7;GFmle=0.222222,0.777778,0;FIC=-0.636364;RSQ=0.409091;HWEpval=0.0281612;SCORE=0.908	0/1	0/1	0/1	DEL	36459257		36446544	36459257		12713	low	inherited_both	14624	TBC1D3JP	1	11	0	0	2	0	Tier1_recurrent_CNV
chr22	23136281	N	<DEL>	.	PASS	IMPRECISE;SVTYPE=DEL;SVMETHOD=EMBL.DELLYv0.7.5;CHR2=chr22;END=23137420;PE=65;MAPQ=60;CT=3to5;CIPOS=-50,50;CIEND=-50,50;AFmle=0.277773;ACmle=5;GFmle=0.555556,0.333339,0.111105;FIC=0.169197;RSQ=1.31532;HWEpval=0.61893;SCORE=0.945	0/1	0/1	1/1	DEL	23137420		23136281	23137420		1139	low	inherited_both	16434	RSPH14	1	2	0	0	3	0	Tier1_recurrent_CNV
chr15	73871864	AGCCTCCATGTGGTTGCTATGGGGCTTTTGTAATATGACTAAACTGTATTGGCTCATTTGGGGAAGGGTTATCACCTACAATTCACAGATAGGATGCCAGAGGTTAAAAGAAGTTCAGTAGTTGATCTATGTTCACCATGTTCGTTTTAGAAGCCAGGTTGAATTGAGCCCTCAGATGT	A	.	PASS	PRECISE;SVTYPE=DEL;SVMETHOD=EMBL.DELLYv0.7.5;CHR2=chr15;END=73872043;PE=0;MAPQ=60;CT=3to5;CIPOS=-1,1;CIEND=-1,1;INSLEN=0;HOMLEN=0;SR=10;SRQ=0.985816;CONSENSUS=GAAGAAAGAGGGATGGAATAAAAGCCCTTTTTGCTTCCGTTACAGAGTCCTGCAGTTCTGTTTGAATATTAATTAATTCCCGACCTGATCCTCATCTTCTCAAGGAACAATTGCAGTGAATCCTCAGTTGCCTACGTGG;CE=1.98235;AFmle=0.222222;ACmle=4;GFmle=0.555556,0.444444,0;FIC=-0.285714;RSQ=0.803571;HWEpval=0.281686;SCORE=0.949	0/1	0/1	0/1	DEL	73872043		73871864	73872043		179	low	inherited_both	13789	ENSG00000260624	1	9	0	0	2	0	Tier1_recurrent_CNV
chr22	17419498	AGAGGAAGAGGAGGAAGAAGAAGAAGAAGAAGAGGAAGAGGAAGAGGAAGAGGAGGAGGAGGAGGAG	A	.	PASS	PRECISE;SVTYPE=DEL;SVMETHOD=EMBL.DELLYv0.7.5;CHR2=chr22;END=17419565;PE=0;MAPQ=60;CT=3to5;CIPOS=-8,8;CIEND=-8,8;INSLEN=0;HOMLEN=11;SR=10;SRQ=0.993007;CONSENSUS=GATCCCCCACGCCTGAGGAAGACTCAGAAACAGAGCCTCATCAGGAAGAAGAAGAAGAAGAAGAAGAAGAAACAGTTTCTCCACTGGAGGTGGGAGCTGCCATTATGATGATTCCGCAGTTAATGGAGAAGTTTAACTTGGAT;CE=1.94947;AFmle=0.333333;ACmle=6;GFmle=0.444444,0.444444,0.111111;FIC=-5.30065e-12;RSQ=1.125;HWEpval=1;SCORE=0.582	0/1	0/1	0/0	DEL	17419565		17419498	17419565		67	low	inherited_p1	16394	CECR2,TERF2IPP1	2	1	0	0	1	0	Tier1_recurrent_CNV
chr22	18990062	CTGATCACATTTCAACATGAGATTTGGAGGGGCCAGACCTCAAAACTGCATCAGATACATTCATGT	C	.	PASS	PRECISE;SVTYPE=DEL;SVMETHOD=EMBL.DELLYv0.7.5;CHR2=chr22;END=18990128;PE=0;MAPQ=60;CT=3to5;CIPOS=-3,3;CIEND=-3,3;INSLEN=0;HOMLEN=2;SR=10;SRQ=1;CONSENSUS=AGAGTGAGAACTCGCTCATTACCAAGGGGAGGACACCAAGCCATTCATGGGGGACCCACCCCCATGACCCAAACAACCCCGACCACGCCCACCTCCAACCCTTAAGCAGTCCATCTCCAGAACTCTTTTCATCCTGCAGATCTGAAACTCTAGCCCACAAAACACCAACTCCACTCCCCAGCCACTGGTGCCC;CE=1.88622;AFmle=0.5;ACmle=9;GFmle=0.333333,0.333333,0.333333;FIC=0.333333;RSQ=1.5;HWEpval=0.312663;SCORE=0.786	0/1	0/1	0/1	DEL	18990128		18990062	18990128		66	low	inherited_both	16402	CELSR1P1,DGCR5	2	1	0	0	2	0	Tier1_recurrent_CNV
chr1	189356879	N	<DEL>	.	PASS	PRECISE;SVTYPE=DEL;SVMETHOD=EMBL.DELLYv0.7.5;CHR2=chr1;END=189575293;PE=86;MAPQ=60;CT=3to5;CIPOS=-4,4;CIEND=-4,4;INSLEN=0;HOMLEN=3;SR=10;SRQ=1;CONSENSUS=CCTAGGGCCTGAAACCTGGAGCACTTGGTAAAATGCAGTTATCAGTATTACAATTACATATTTGTGGGACTATAGGCACACGACCACACACGGGTAATTTCAAGTCATTCTTAATCACTGATAATCTCTATGTGCAA;CE=1.96991;AFmle=0.111111;ACmle=2;GFmle=0.777778,0.222222,0;FIC=-0.125;RSQ=0.984375;HWEpval=0.616614;SCORE=0.973	0/1	0/0	0/1	DEL	189575293		189356879	189575293		218414	high	inherited_p2	923	ENSG00000302138,LINC01701	2	15	0	0	0	0	Tier2_exonic_large
chr19	20413005	N	<DEL>	.	PASS	IMPRECISE;SVTYPE=DEL;SVMETHOD=EMBL.DELLYv0.7.5;CHR2=chr19;END=20535168;PE=72;MAPQ=60;CT=3to5;CIPOS=-121,121;CIEND=-121,121;AFmle=0.166667;ACmle=3;GFmle=0.666667,0.333333,0;FIC=-0.2;RSQ=0.9;HWEpval=0.437031;SCORE=0.968	0/1	0/1	0/0	DEL	20535168		20413005	20535168		122163	high	inherited_p1	15525	BNIP3P22,BNIP3P23,ENSG00000269043,ENSG00000291130	4	96	0	0	0	0	Tier2_exonic_large
chr14	41140233	N	<DEL>	.	PASS	PRECISE;SVTYPE=DEL;SVMETHOD=EMBL.DELLYv0.7.5;CHR2=chr14;END=41200462;PE=41;MAPQ=23;CT=3to5;CIPOS=-5,5;CIEND=-5,5;INSLEN=0;HOMLEN=4;SR=10;SRQ=1;CONSENSUS=TTTCTCCACATCCTCTCCAGCACCTGTTGTTTCCTGACTTTTTAATGATCGCCTAGGTAACATAGTGAGGCTCCATCTCTACACAATTTTGTTTAAAAATTAGCAAGGCATGATGTTGTGCACCTGTAGTCCCAGTT;CE=1.95136;AFmle=0.166667;ACmle=3;GFmle=0.777778,0.111111,0.111111;FIC=0.6;RSQ=1.8;HWEpval=0.111941;SCORE=0.966	0/1	0/0	1/1	DEL	41200462		41140233	41200462		60229	moderate	inherited_p2	13127	LINC02315	1	16	0	0	0	0	Tier2_exonic_large
chr14	106727958	N	<DEL>	.	PASS	PRECISE;SVTYPE=DEL;SVMETHOD=EMBL.DELLYv0.7.5;CHR2=chr14;END=106775262;PE=19;MAPQ=30;CT=3to5;CIPOS=-6,6;CIEND=-6,6;INSLEN=0;HOMLEN=5;SR=10;SRQ=1;CONSENSUS=CCTGTTACAAAAACAAAAATACAAAAAGAACAAAAAAGTTTTGCATTTAGAGACATGAAATGTCAGTACAGACGTGGTCTATTCTGTTGTCCCACCATTAGCTTTGTTTCTAATGAAACCTACCCACTCCAGCCCCTTCC;CE=1.92767;AFmle=0.222222;ACmle=4;GFmle=0.555555,0.444445,0;FIC=-0.285714;RSQ=0.803571;HWEpval=0.281686;SCORE=0.906	0/1	0/1	0/0	DEL	106775262		106727958	106775262		47304	moderate	inherited_p1	13505	ENSG00000283571,ENSG00000307731,IGHV1-69-2,IGHV1-69D,IGHV2-70,IGHV3-69-1,IGHV3-71	7	11	0	0	0	0	Tier2_exonic_large
chr1	72300640	N	<DEL>	.	PASS	PRECISE;SVTYPE=DEL;SVMETHOD=EMBL.DELLYv0.7.5;CHR2=chr1;END=72346157;PE=163;MAPQ=60;CT=3to5;CIPOS=-3,3;CIEND=-3,3;INSLEN=0;HOMLEN=4;SR=10;SRQ=0.992754;CONSENSUS=AAAAAAAAGTGAATCATTCAAAAATGAAAAGGGTACAAGACAAAAATAAAAGTTAAAGAAAAACCAAATGACTGAGAGATTATCTCAGTGGATTTGACTTAATCTCTTGAACCACTTTCTAAAAAGAGTTTTATTTGG;CE=1.80255;AFmle=0.5;ACmle=9;GFmle=0.333333,0.333333,0.333333;FIC=0.333333;RSQ=1.5;HWEpval=0.312663;SCORE=0.989	1/1	1/1	1/1	DEL	72346157		72300640	72346157		45517	moderate	inherited_both	420	LINC02796,RPL31P12	2	1	0	0	0	0	Tier2_exonic_large
chr8	59729638	N	<DEL>	.	PASS	PRECISE;SVTYPE=DEL;SVMETHOD=EMBL.DELLYv0.7.5;CHR2=chr8;END=59773255;PE=60;MAPQ=60;CT=3to5;CIPOS=-3,3;CIEND=-3,3;INSLEN=0;HOMLEN=3;SR=10;SRQ=1;CONSENSUS=AAAAAATAAACACCAGTTGCCAGCCTTTAGGTTGTACAACAAGAAGGTCTGAACAACAACTCTTTTTCTGTAAGTTATCTTCAGTGAGATTTCATCATTTCTGTAAGACTTTGCTGCCTCTGAGGCCTAATGTA;CE=1.95107;AFmle=0.111111;ACmle=2;GFmle=0.777778,0.222222,0;FIC=-0.125;RSQ=0.984375;HWEpval=0.616614;SCORE=0.992	0/1	0/0	0/1	DEL	59773255		59729638	59773255		43617	moderate	inherited_p2	8682	ENSG00000253413,ENSG00000303742	2	2	0	0	0	0	Tier2_exonic_large
chr3	98140796	N	<DUP>	.	PASS	IMPRECISE;SVTYPE=DUP;SVMETHOD=EMBL.DELLYv0.7.5;CHR2=chr3;END=98183497;PE=55;MAPQ=47;CT=5to3;CIPOS=-50,50;CIEND=-50,50;AFmle=0.444444;ACmle=8;GFmle=0.111111,0.888889,0;FIC=-0.8;RSQ=0.225;HWEpval=0.00666432;SCORE=0.696	0/1	0/1	0/1	DUP	98183497		98140796	98183497		42701	moderate	inherited_both	3278	ENSG00000249225,ENSG00000294662,OR5H14,OR5H15	4	10	0	0	0	0	Tier2_exonic_large
chr1	152583072	N	<DEL>	.	PASS	PRECISE;SVTYPE=DEL;SVMETHOD=EMBL.DELLYv0.7.5;CHR2=chr1;END=152615265;PE=83;MAPQ=22;CT=3to5;CIPOS=-2,2;CIEND=-2,2;INSLEN=0;HOMLEN=1;SR=10;SRQ=0.963504;CONSENSUS=TATCCCAGGTCCTCAGGATGTCAGGGATACTAAGAAGTTCTCACAGTGCAGAACATTTGGAGCTGCTCCATGCAGCATCCCTGGGATGCAAGGCTGGTTCAACACACACAAATCAATAAACATAATCCAGCAT;CE=1.98056;AFmle=0.55547;ACmle=10;GFmle=0.222222,0.444587,0.333191;FIC=0.0996883;RSQ=1.23676;HWEpval=0.764811;SCORE=0.972	1/1	1/1	1/1	DEL	152615265		152583072	152615265		32193	moderate	inherited_both	720	LCE3B,LCE3C	2	4	0	0	0	0	Tier2_exonic_large
chr1	109687520	N	<DEL>	.	PASS	IMPRECISE;SVTYPE=DEL;SVMETHOD=EMBL.DELLYv0.7.5;CHR2=chr1;END=109712001;PE=5;MAPQ=43;CT=3to5;CIPOS=-278,278;CIEND=-278,278;AFmle=0.432469;ACmle=8;GFmle=0.333333,0.46588,0.200786;FIC=0.0458044;RSQ=1.12754;HWEpval=0.883978;SCORE=0.868	0/1	0/1	./.	DEL	109712001		109687520	109712001		24481	moderate	inherited_p1	643	ENSG00000260246,GSTM1,GSTM2,GSTM5	4	53	0	0	0	0	Tier2_exonic_large
chr14	105745717	N	<DEL>	.	PASS	IMPRECISE;SVTYPE=DEL;SVMETHOD=EMBL.DELLYv0.7.5;CHR2=chr14;END=105859942;PE=6;MAPQ=57;CT=3to5;CIPOS=-50,50;CIEND=-50,50;AFmle=0.166681;ACmle=3;GFmle=0.666624,0.333376,0;FIC=-0.200021;RSQ=0.899762;HWEpval=0.436976;SCORE=0.607	0/1	0/0	0/0	DEL	105859942		105745717	105859942		114225	high	de_novo	13499	ATP6V1G1P1,IGHD,IGHG3,IGHM,MIR4507,MIR4537,MIR4538,MIR4539	8	38	0	0	0	0	Tier2_exonic_large_de_novo
